{
  "dataset": "rml2016",
  "model": "Qwen3-8B",
  "Ks": [
    0,
    16,
    64,
    256
  ],
  "n_test_seeds": 5,
  "unseen_src": "WBFM,GFSK",
  "unseen_tgt": "PAM4,CPFSK",
  "K_independent": {
    "zero_shot_llm": {
      "J_mean": 0.35182142857142856,
      "J_ci": 0.02361712239033366
    },
    "no_label_rule": {
      "J_mean": 0.42482142857142857,
      "J_ci": 0.031121160807399205
    },
    "frozen_source_gbdt": {
      "J_mean": 0.4656714285714286,
      "J_ci": 0.023804687479570097
    }
  },
  "perK": {
    "0": {
      "adapted_gbdt": {
        "J_mean": 0.4747539682539684,
        "J_ci": 0.007979253268072745
      },
      "active_gbdt": {
        "J_mean": 0.4747539682539684,
        "J_ci": 0.007979253268072745
      },
      "rule": {
        "J_mean": 0.4499960317460317,
        "J_ci": 0.014136151230265551
      }
    },
    "16": {
      "adapted_gbdt": {
        "J_mean": 0.4876415343915344,
        "J_ci": 0.012489941566707585
      },
      "active_gbdt": {
        "J_mean": 0.4813412698412699,
        "J_ci": 0.007476672293540426
      },
      "rule": {
        "J_mean": 0.4499960317460317,
        "J_ci": 0.014136151230265551
      },
      "fewshot_llm": {
        "J_mean": 0.39805952380952386,
        "J_ci": 0.024076687433652065
      }
    },
    "64": {
      "adapted_gbdt": {
        "J_mean": 0.5166851851851851,
        "J_ci": 0.01683267728107045
      },
      "active_gbdt": {
        "J_mean": 0.5203492063492063,
        "J_ci": 0.008399278973486591
      },
      "rule": {
        "J_mean": 0.4499960317460317,
        "J_ci": 0.014136151230265551
      },
      "fewshot_llm": {
        "J_mean": 0.4152619047619048,
        "J_ci": 0.02638038433718845
      }
    },
    "256": {
      "adapted_gbdt": {
        "J_mean": 0.5766428571428571,
        "J_ci": 0.013128702098966931
      },
      "active_gbdt": {
        "J_mean": 0.6020198412698413,
        "J_ci": 0.009826115014455246
      },
      "rule": {
        "J_mean": 0.4498703703703703,
        "J_ci": 0.014470762518959766
      }
    }
  },
  "Kstar_adapted_gbdt": 0,
  "oracle_J": 0.7318785714285714
}