{
  "dataset": "rml2018",
  "model": "Qwen3-8B",
  "Ks": [
    0,
    16,
    64,
    256
  ],
  "n_test_seeds": 5,
  "unseen_src": "OOK,OQPSK",
  "unseen_tgt": "FM,GMSK",
  "K_independent": {
    "zero_shot_llm": {
      "J_mean": 0.0596857142857143,
      "J_ci": 0.011735002599062338
    },
    "no_label_rule": {
      "J_mean": 0.056428571428571404,
      "J_ci": 0.02391653235734646
    },
    "frozen_source_gbdt": {
      "J_mean": 0.17623571428571433,
      "J_ci": 0.03467694729932264
    }
  },
  "perK": {
    "0": {
      "adapted_gbdt": {
        "J_mean": 0.17633730158730157,
        "J_ci": 0.010137992242286111
      },
      "active_gbdt": {
        "J_mean": 0.17633730158730157,
        "J_ci": 0.010137992242286111
      },
      "rule": {
        "J_mean": 0.04020634920634917,
        "J_ci": 0.009873836753345626
      }
    },
    "16": {
      "adapted_gbdt": {
        "J_mean": 0.189037037037037,
        "J_ci": 0.011250099785471892
      },
      "active_gbdt": {
        "J_mean": 0.16820238095238094,
        "J_ci": 0.009846851681333889
      },
      "rule": {
        "J_mean": 0.04020634920634917,
        "J_ci": 0.009873836753345626
      },
      "fewshot_llm": {
        "J_mean": 0.0443214285714286,
        "J_ci": 0.02263256356079295
      }
    },
    "64": {
      "adapted_gbdt": {
        "J_mean": 0.21717460317460321,
        "J_ci": 0.01154770833980641
      },
      "active_gbdt": {
        "J_mean": 0.20391666666666666,
        "J_ci": 0.008571462640347433
      },
      "rule": {
        "J_mean": 0.04020634920634917,
        "J_ci": 0.009873836753345626
      },
      "fewshot_llm": {
        "J_mean": 0.05209523809523812,
        "J_ci": 0.02968105475065048
      }
    },
    "256": {
      "adapted_gbdt": {
        "J_mean": 0.26713227513227517,
        "J_ci": 0.010557769447444472
      },
      "active_gbdt": {
        "J_mean": 0.2314246031746032,
        "J_ci": 0.009053586472508816
      },
      "rule": {
        "J_mean": 0.04020634920634917,
        "J_ci": 0.009873836753345626
      }
    }
  },
  "Kstar_adapted_gbdt": 0,
  "oracle_J": 0.5518928571428571
}