{
  "dataset": "rml2018",
  "n_eval": 192,
  "unknown_eval": 32,
  "metrics": {
    "fixed_rule": {
      "J_balanced": 0.27020833333333333,
      "meanJ": 0.22052951388888886,
      "acc_on_accepted": 0.5384615384615384,
      "coverage": 0.7447916666666666,
      "unknown_reject_recall": 0.53125,
      "known_retention": 0.8,
      "mean_compute": 1.1875,
      "mean_latency": 2.125,
      "rationale_faithfulness": null,
      "rationale_present": 0.0
    },
    "gbdt": {
      "J_balanced": 0.18260416666666668,
      "meanJ": 0.14857638888888888,
      "acc_on_accepted": 0.4088050314465409,
      "coverage": 0.828125,
      "unknown_reject_recall": 0.53125,
      "known_retention": 0.9,
      "mean_compute": 1.8385416666666667,
      "mean_latency": 1.7916666666666667,
      "rationale_faithfulness": null,
      "rationale_present": 0.0
    },
    "llm_nomem": {
      "J_balanced": 0.007708333333333368,
      "meanJ": -0.02527777777777778,
      "acc_on_accepted": 0.6666666666666666,
      "coverage": 0.171875,
      "unknown_reject_recall": 0.9375,
      "known_retention": 0.19375,
      "mean_compute": 1.03125,
      "mean_latency": 1.1875,
      "rationale_faithfulness": null,
      "rationale_present": 1.0
    },
    "llm_mem": {
      "J_balanced": 0.1619791666666667,
      "meanJ": 0.11757812499999999,
      "acc_on_accepted": 0.5283018867924528,
      "coverage": 0.5520833333333334,
      "unknown_reject_recall": 0.625,
      "known_retention": 0.5875,
      "mean_compute": 1.2552083333333333,
      "mean_latency": 1.375,
      "rationale_faithfulness": 0.5833333333333334,
      "rationale_present": 1.0
    },
    "oracle": {
      "J_balanced": 0.6722916666666666,
      "meanJ": 0.6490711805555556,
      "acc_on_accepted": 0.76875,
      "coverage": 0.8333333333333334,
      "unknown_reject_recall": 1.0,
      "known_retention": 1.0,
      "mean_compute": 1.84375,
      "mean_latency": 2.015625,
      "rationale_faithfulness": null,
      "rationale_present": 0.0
    }
  },
  "llm_mem_faithfulness": 0.5833333333333334,
  "rationale_examples": [
    {
      "SNR": 24,
      "is_unknown": true,
      "conf_P": 0.94,
      "ent_P": 0.06,
      "ood_P": 0.12,
      "dist_P": 0.44,
      "action": "A1",
      "true_driver": "A4",
      "rationale": "The decisive cue is high confidence (P0.94) with moderate entropy (P0.06), low energy_OOD (P0.12), and moderate prototype_distance (P0.44), combined with a high SNR (24dB), which supports using the light model. ANSWER: A1",
      "faithful": true
    },
    {
      "SNR": 14,
      "is_unknown": true,
      "conf_P": 0.67,
      "ent_P": 0.41,
      "ood_P": 0.44,
      "dist_P": 0.92,
      "action": "A2",
      "true_driver": "A4",
      "rationale": "The decisive cue is high prototype_distance (P0.92) and moderate confidence (P0.67), indicating potential out-of-distribution signal. However, energy_OOD is moderate (P0.44), and SNR is acceptable (14dB). Given the moderate confidence and t",
      "faithful": false
    },
    {
      "SNR": 24,
      "is_unknown": true,
      "conf_P": 0.64,
      "ent_P": 0.42,
      "ood_P": 0.94,
      "dist_P": 0.35,
      "action": "A4",
      "true_driver": "A4",
      "rationale": "The high energy_OOD (P0.94) indicates an out-of-distribution signal, which should override confidence levels. Despite moderate confidence, the signal is likely unknown.   ANSWER: A4",
      "faithful": true
    },
    {
      "SNR": 18,
      "is_unknown": true,
      "conf_P": 0.83,
      "ent_P": 0.22,
      "ood_P": 0.78,
      "dist_P": 0.39,
      "action": "A4",
      "true_driver": "A4",
      "rationale": "The state shows high confidence (P0.83) with moderate entropy (P0.22), but high energy_OOD (P0.78) and prototype_distance (P0.39), which indicate potential out-of-distribution characteristics. Despite the confidence, the high energy_OOD and",
      "faithful": true
    },
    {
      "SNR": 24,
      "is_unknown": true,
      "conf_P": 0.84,
      "ent_P": 0.41,
      "ood_P": 1.0,
      "dist_P": 0.51,
      "action": "A4",
      "true_driver": "A4",
      "rationale": "The decisive cue is high confidence (P0.84) with moderate entropy (P0.41), high energy_OOD (P1.00), and moderate prototype_distance (P0.51). Despite high confidence, the high energy_OOD indicates a potential out-of-distribution signal, whic",
      "faithful": true
    },
    {
      "SNR": 22,
      "is_unknown": true,
      "conf_P": 0.64,
      "ent_P": 0.41,
      "ood_P": 0.88,
      "dist_P": 0.19,
      "action": "A4",
      "true_driver": "A4",
      "rationale": "The state shows high energy_OOD (P0.88), which indicates an out-of-distribution signal, even though confidence is moderate (P0.64). According to the policy, high energy_OOD should override confidence, leading to rejection as unknown.    ANS",
      "faithful": true
    },
    {
      "SNR": 20,
      "is_unknown": true,
      "conf_P": 0.62,
      "ent_P": 0.32,
      "ood_P": 0.22,
      "dist_P": 0.95,
      "action": "A4",
      "true_driver": "A4",
      "rationale": "The decisive cue is high prototype_distance (P0.95) indicating potential out-of-distribution signal, despite moderate confidence (P0.62). According to the mission policy, high prototype_distance should take precedence over confidence. ANSWE",
      "faithful": true
    },
    {
      "SNR": 18,
      "is_unknown": true,
      "conf_P": 0.8,
      "ent_P": 0.2,
      "ood_P": 0.54,
      "dist_P": 0.65,
      "action": "A1",
      "true_driver": "A4",
      "rationale": "The decisive cue is high confidence (P0.80) with moderate entropy (P0.20), and relatively low energy_OOD (P0.54) and prototype_distance (P0.65), which aligns with the conditions for using the light model. ANSWER: A1",
      "faithful": true
    },
    {
      "SNR": 18,
      "is_unknown": false,
      "conf_P": 0.64,
      "ent_P": 0.42,
      "ood_P": 0.96,
      "dist_P": 0.34,
      "action": "A4",
      "true_driver": "A4",
      "rationale": "The high energy_OOD (P0.96) indicates an out-of-distribution signal, which should override confidence levels. Despite moderate confidence and SNR, the signal is likely unknown.   ANSWER: A4",
      "faithful": true
    },
    {
      "SNR": 8,
      "is_unknown": false,
      "conf_P": 0.85,
      "ent_P": 0.15,
      "ood_P": 0.2,
      "dist_P": 0.9,
      "action": "A4",
      "true_driver": "A4",
      "rationale": "The decisive cue is high prototype_distance (P0.90) and moderate confidence (P0.85), indicating a potential out-of-distribution signal. Despite moderate confidence, the high prototype_distance suggests uncertainty, and the mission policy pr",
      "faithful": true
    },
    {
      "SNR": 10,
      "is_unknown": false,
      "conf_P": 0.69,
      "ent_P": 0.29,
      "ood_P": 0.22,
      "dist_P": 0.9,
      "action": "A4",
      "true_driver": "A4",
      "rationale": "The prototype_distance is high (P0.90), indicating a potential out-of-distribution signal, which should take precedence over confidence. Despite moderate confidence (P0.69), the high prototype_distance suggests uncertainty, and we should av",
      "faithful": true
    },
    {
      "SNR": 24,
      "is_unknown": false,
      "conf_P": 0.62,
      "ent_P": 0.38,
      "ood_P": 0.42,
      "dist_P": 0.84,
      "action": "A1",
      "true_driver": "A1",
      "rationale": "The decisive cue is high prototype_distance (P0.84) and moderate confidence (P0.62), indicating potential out-of-distribution signal despite reasonable SNR. However, energy_OOD is moderate (P0.42), so we avoid A4. Given the confidence is ab",
      "faithful": false
    },
    {
      "SNR": 24,
      "is_unknown": false,
      "conf_P": 0.83,
      "ent_P": 0.17,
      "ood_P": 0.27,
      "dist_P": 0.74,
      "action": "A1",
      "true_driver": "A1",