{
  "dataset": "rml2018",
  "model": "gemma-4-12B-it",
  "n_seeds": 3,
  "train_seed": 42,
  "unseen_train": "OOK,OQPSK",
  "unseen_test": "FM,GMSK",
  "train_schedules": [
    "abrupt",
    "ramp"
  ],
  "test_schedules": [
    "recurrent",
    "gradcrash"
  ],
  "trainJ_tuned": {
    "fixed_rule": 0.01893749999999999,
    "gbdt": 0.494703125,
    "cart": 0.13659375
  },
  "metrics": {
    "oracle": {
      "overallJ": {
        "mean": 0.58628125,
        "ci": 0.040332229726206564
      },
      "regret": {
        "mean": 0.0,
        "ci": 0.0
      },
      "unk_reject_recall": {
        "mean": 1.0,
        "ci": 0.0
      },
      "unk_reject_prec": {
        "mean": 1.0,
        "ci": 0.0
      },
      "false_reject_lowSNRknown": {
        "mean": 0.0,
        "ci": 0.0
      },
      "switch_rate": {
        "mean": 0.5566037735849056,
        "ci": 0.032614292891110674
      }
    },
    "oracle_tuned_test": {
      "overallJ": {
        "mean": 0.1035,
        "ci": 0.0544885567736092
      },
      "regret": {
        "mean": 0.48278125,
        "ci": 0.015829580317267816
      },
      "unk_reject_recall": {
        "mean": 0.5957548457548457,
        "ci": 0.11399242807862175
      },
      "unk_reject_prec": {
        "mean": 0.34963371247012964,
        "ci": 0.1323221615993568
      },
      "false_reject_lowSNRknown": {
        "mean": 0.4724674160964483,
        "ci": 0.24145623022306315
      },
      "switch_rate": {
        "mean": 0.5681341719077567,
        "ci": 0.04348572385481423
      }
    },
    "fixed_rule": {
      "overallJ": {
        "mean": 0.07997916666666667,
        "ci": 0.05573980337120963
      },
      "regret": {
        "mean": 0.5063020833333334,
        "ci": 0.019535848356468866
      },
      "unk_reject_recall": {
        "mean": 0.6555012588345921,
        "ci": 0.04462351166700336
      },
      "unk_reject_prec": {
        "mean": 0.3210085296317191,
        "ci": 0.0694805664228183
      },
      "false_reject_lowSNRknown": {
        "mean": 0.5284424894102314,
        "ci": 0.10982476282941424
      },
      "switch_rate": {
        "mean": 0.5932914046121592,
        "ci": 0.04245429508045364
      }
    },
    "online_rule": {
      "overallJ": {
        "mean": 0.03495833333333332,
        "ci": 0.03912095459206542
      },
      "regret": {
        "mean": 0.5513229166666668,
        "ci": 0.04740755715256388
      },
      "unk_reject_recall": {
        "mean": 0.4829662996329663,
        "ci": 0.04630882555105768
      },
      "unk_reject_prec": {
        "mean": 0.2835318391045945,
        "ci": 0.03698949997767717
      },
      "false_reject_lowSNRknown": {
        "mean": 0.36648175301401115,
        "ci": 0.07590652918227278
      },
      "switch_rate": {
        "mean": 0.5733752620545073,
        "ci": 0.024994160501854316
      }
    },
    "gbdt": {
      "overallJ": {
        "mean": 0.17339583333333333,
        "ci": 0.0364437728758098
      },
      "regret": {
        "mean": 0.41288541666666667,
        "ci": 0.049402676242945316
      },
      "unk_reject_recall": {
        "mean": 0.29754299754299757,
        "ci": 0.05116701846228007
      },
      "unk_reject_prec": {
        "mean": 0.5081639928698752,
        "ci": 0.0940303217095223
      },
      "false_reject_lowSNRknown": {
        "mean": 0.24875855327468233,
        "ci": 0.055207475305886315
      },
      "switch_rate": {
        "mean": 0.4475890985324948,
        "ci": 0.03287211740041928
      }
    },
    "cart": {
      "overallJ": {
        "mean": 0.1069791666666667,
        "ci": 0.04342943668765397
      },
      "regret": {
        "mean": 0.4793020833333333,
        "ci": 0.0031519128065792316
      },
      "unk_reject_recall": {
        "mean": 0.4722581672581672,
        "ci": 0.05304651262376861
      },
      "unk_reject_prec": {
        "mean": 0.41142969003974655,
        "ci": 0.08328716302330823
      },
      "false_reject_lowSNRknown": {
        "mean": 0.35705767350928647,
        "ci": 0.06686132858222088
      },
      "switch_rate": {
        "mean": 0.279874213836478,
        "ci": 0.05547169811320754
      }
    },
    "bandit": {
      "overallJ": {
        "mean": 0.04026041666666667,
        "ci": 0.038800385752574794
      },
      "regret": {
        "mean": 0.5460208333333333,
        "ci": 0.006169178866100824
      },
      "unk_reject_recall": {
        "mean": 0.18393772560439228,
        "ci": 0.23018113531434503
      },
      "unk_reject_prec": {
        "mean": 0.19823999100314893,
        "ci": 0.19658055411657938
      },
      "false_reject_lowSNRknown": {
        "mean": 0.15622271098077548,
        "ci": 0.13414491529030162
      },
      "switch_rate": {
        "mean": 0.2830188679245283,
        "ci": 0.10258145055063757
      }
    },
    "llm_online_mem": {
      "overallJ": {
        "mean": 0.11406250000000002,
        "ci": 0.02936324829648167
      },
      "regret": {
        "mean": 0.47221874999999996,
        "ci": 0.013118133342661004
      },
      "unk_reject_recall": {
        "mean": 0.9453063669730337,
        "ci": 0.0032396781781009708
      },
      "unk_reject_prec": {
        "mean": 0.28247447087282634,
        "ci": 0.03920386450799602
      },
      "false_reject_lowSNRknown": {
        "mean": 0.9607649071358749,
        "ci": 0.0238273692442909
      },
      "switch_rate": {
        "mean": 0.3532494758909854,
        "ci": 0.023693734471231433
      }
    }
  },
  "transfer_gap": {
    "fixed_rule": -0.06104166666666668,
    "gbdt": 0.3213072916666667,
    "cart": 0.02961458333333332
  }
}