{
  "dataset": "rml2018",
  "model": "Qwen3-8B",
  "n_seeds": 8,
  "train_seed": 42,
  "unseen_train": "OOK,OQPSK",
  "unseen_test": "FM,GMSK",
  "train_schedules": [
    "abrupt",
    "ramp"
  ],
  "test_schedules": [
    "recurrent",
    "gradcrash"
  ],
  "trainJ_tuned": {
    "fixed_rule": 0.0011562500000000253,
    "gbdt": 0.408203125,
    "cart": 0.11667187500000002
  },
  "metrics": {
    "oracle": {
      "overallJ": {
        "mean": 0.45950781250000006,
        "ci": 0.03515642671761139
      },
      "regret": {
        "mean": 0.0,
        "ci": 0.0
      },
      "unk_reject_recall": {
        "mean": 1.0,
        "ci": 0.0
      },
      "unk_reject_prec": {
        "mean": 1.0,
        "ci": 0.0
      },
      "false_reject_lowSNRknown": {
        "mean": 0.0,
        "ci": 0.0
      },
      "switch_rate": {
        "mean": 0.45833333333333337,
        "ci": 0.017501038298378194
      }
    },
    "oracle_tuned_test": {
      "overallJ": {
        "mean": 0.07398046875000001,
        "ci": 0.03220168235828838
      },
      "regret": {
        "mean": 0.38552734375,
        "ci": 0.009125041931892086
      },
      "unk_reject_recall": {
        "mean": 0.4910512788958613,
        "ci": 0.06951269710504884
      },
      "unk_reject_prec": {
        "mean": 0.3090218916260996,
        "ci": 0.03648155465640953
      },
      "false_reject_lowSNRknown": {
        "mean": 0.3781574621130921,
        "ci": 0.07956617086037367
      },
      "switch_rate": {
        "mean": 0.5935534591194969,
        "ci": 0.017732085108430724
      }
    },
    "fixed_rule": {
      "overallJ": {
        "mean": 0.03776953125000003,
        "ci": 0.035593754738599874
      },
      "regret": {
        "mean": 0.42173828125,
        "ci": 0.00711560840914017
      },
      "unk_reject_recall": {
        "mean": 0.5943537707943217,
        "ci": 0.04767368583887926
      },
      "unk_reject_prec": {
        "mean": 0.27490206955589336,
        "ci": 0.03374843512323799
      },
      "false_reject_lowSNRknown": {
        "mean": 0.533214062672651,
        "ci": 0.02915696707419531
      },
      "switch_rate": {
        "mean": 0.5982704402515723,
        "ci": 0.028738852460699973
      }
    },
    "online_rule": {
      "overallJ": {
        "mean": -0.11227343750000002,
        "ci": 0.024959323332001734
      },
      "regret": {
        "mean": 0.5717812500000001,
        "ci": 0.020466945330749164
      },
      "unk_reject_recall": {
        "mean": 0.43064783464986134,
        "ci": 0.02392414024340097
      },
      "unk_reject_prec": {
        "mean": 0.25386369195584413,
        "ci": 0.023606452476691932
      },
      "false_reject_lowSNRknown": {
        "mean": 0.3821203764679011,
        "ci": 0.01755545927012734
      },
      "switch_rate": {
        "mean": 0.5801886792452831,
        "ci": 0.033435940332662305
      }
    },
    "gbdt": {
      "overallJ": {
        "mean": 0.14389062500000005,
        "ci": 0.025983492957067953
      },
      "regret": {
        "mean": 0.3156171875,
        "ci": 0.018200652163045054
      },
      "unk_reject_recall": {
        "mean": 0.302856173999926,
        "ci": 0.03210271373454138
      },
      "unk_reject_prec": {
        "mean": 0.5236959820159948,
        "ci": 0.05622527817851978
      },
      "false_reject_lowSNRknown": {
        "mean": 0.1954721891666876,
        "ci": 0.030092414546554286
      },
      "switch_rate": {
        "mean": 0.2991352201257862,
        "ci": 0.011731382747370497
      }
    },
    "cart": {
      "overallJ": {
        "mean": 0.08451562500000004,
        "ci": 0.030596207715377077
      },
      "regret": {
        "mean": 0.37499218749999996,
        "ci": 0.022421652727556814
      },
      "unk_reject_recall": {
        "mean": 0.21521052022307124,
        "ci": 0.03675623499517789
      },
      "unk_reject_prec": {
        "mean": 0.43363889963880287,
        "ci": 0.07612598108921183
      },
      "false_reject_lowSNRknown": {
        "mean": 0.20253419937174627,
        "ci": 0.02604498004568193
      },
      "switch_rate": {
        "mean": 0.18671383647798745,
        "ci": 0.01495924377528982
      }
    },
    "bandit": {
      "overallJ": {
        "mean": -0.0014960937499999757,
        "ci": 0.02243256668487333
      },
      "regret": {
        "mean": 0.46100390625,
        "ci": 0.029295841882200864
      },
      "unk_reject_recall": {
        "mean": 0.07578188460437979,
        "ci": 0.04754965649101231
      },
      "unk_reject_prec": {
        "mean": 0.14898313492063492,
        "ci": 0.05606609898711265
      },
      "false_reject_lowSNRknown": {
        "mean": 0.0655912403144733,
        "ci": 0.032520467075293366
      },
      "switch_rate": {
        "mean": 0.2783018867924528,
        "ci": 0.0459024285811326
      }
    },
    "llm_online_mem": {
      "overallJ": {
        "mean": 0.13865625000000004,
        "ci": 0.03908183018720144
      },
      "regret": {
        "mean": 0.3208515625,
        "ci": 0.015993995519437317
      },
      "unk_reject_recall": {
        "mean": 0.5558621097536507,
        "ci": 0.08037748985481313
      },
      "unk_reject_prec": {
        "mean": 0.3719044400692566,
        "ci": 0.04183477276044193
      },
      "false_reject_lowSNRknown": {
        "mean": 0.5908271645189312,
        "ci": 0.05328935464491287
      },
      "switch_rate": {
        "mean": 0.35416666666666663,
        "ci": 0.02134908069007796
      }
    }
  },
  "transfer_gap": {
    "fixed_rule": -0.036613281250000004,
    "gbdt": 0.26431249999999995,
    "cart": 0.03215624999999998
  }
}