{
  "dataset": "rml2016",
  "model": "Qwen3-8B",
  "n_seeds": 8,
  "train_seed": 42,
  "unseen_train": "WBFM,GFSK",
  "unseen_test": "PAM4,CPFSK",
  "train_schedules": [
    "abrupt",
    "ramp"
  ],
  "test_schedules": [
    "recurrent",
    "gradcrash"
  ],
  "trainJ_tuned": {
    "fixed_rule": 0.32681250000000006,
    "gbdt": 0.6679999999999999,
    "cart": 0.5069218750000001
  },
  "metrics": {
    "oracle": {
      "overallJ": {
        "mean": 0.73090234375,
        "ci": 0.00800189062284903
      },
      "regret": {
        "mean": 0.0,
        "ci": 0.0
      },
      "unk_reject_recall": {
        "mean": 1.0,
        "ci": 0.0
      },
      "unk_reject_prec": {
        "mean": 1.0,
        "ci": 0.0
      },
      "false_reject_lowSNRknown": {
        "mean": 0.0,
        "ci": 0.0
      },
      "switch_rate": {
        "mean": 0.32822327044025157,
        "ci": 0.020306827477419957
      }
    },
    "oracle_tuned_test": {
      "overallJ": {
        "mean": 0.420109375,
        "ci": 0.02637976623107661
      },
      "regret": {
        "mean": 0.31079296874999995,
        "ci": 0.02786827388415411
      },
      "unk_reject_recall": {
        "mean": 0.4516998638419958,
        "ci": 0.060295714142286155
      },
      "unk_reject_prec": {
        "mean": 0.39477696337047713,
        "ci": 0.04741797697739248
      },
      "false_reject_lowSNRknown": {
        "mean": 0.2552312652660587,
        "ci": 0.035101695729094974
      },
      "switch_rate": {
        "mean": 0.5302672955974843,
        "ci": 0.02871966715124724
      }
    },
    "fixed_rule": {
      "overallJ": {
        "mean": 0.4139375,
        "ci": 0.02854180290189504
      },
      "regret": {
        "mean": 0.31696484374999995,
        "ci": 0.03014664093709345
      },
      "unk_reject_recall": {
        "mean": 0.4516998638419958,
        "ci": 0.060295714142286155
      },
      "unk_reject_prec": {
        "mean": 0.39477696337047713,
        "ci": 0.04741797697739248
      },
      "false_reject_lowSNRknown": {
        "mean": 0.2552312652660587,
        "ci": 0.035101695729094974
      },
      "switch_rate": {
        "mean": 0.514937106918239,
        "ci": 0.025592403649519632
      }
    },
    "online_rule": {
      "overallJ": {
        "mean": 0.28190234375,
        "ci": 0.02109024511680492
      },
      "regret": {
        "mean": 0.449,
        "ci": 0.026124494395526127
      },
      "unk_reject_recall": {
        "mean": 0.537845194911947,
        "ci": 0.053797348441701275
      },
      "unk_reject_prec": {
        "mean": 0.33979130791133483,
        "ci": 0.034178742358078704
      },
      "false_reject_lowSNRknown": {
        "mean": 0.3606414369029391,
        "ci": 0.03686359747933974
      },
      "switch_rate": {
        "mean": 0.5896226415094339,
        "ci": 0.020475248221291667
      }
    },
    "gbdt": {
      "overallJ": {
        "mean": 0.44662890624999996,
        "ci": 0.02016099976073951
      },
      "regret": {
        "mean": 0.28427343749999995,
        "ci": 0.02090079646032134
      },
      "unk_reject_recall": {
        "mean": 0.2195339692815391,
        "ci": 0.039306362624359964
      },
      "unk_reject_prec": {
        "mean": 0.45315397435204524,
        "ci": 0.06319927198502057
      },
      "false_reject_lowSNRknown": {
        "mean": 0.20992971660787219,
        "ci": 0.06076065808519992
      },
      "switch_rate": {
        "mean": 0.2059748427672956,
        "ci": 0.02736651367935606
      }
    },
    "cart": {
      "overallJ": {
        "mean": 0.42384765625000004,
        "ci": 0.016040963042688997
      },
      "regret": {
        "mean": 0.3070546875,
        "ci": 0.018498031475187603
      },
      "unk_reject_recall": {
        "mean": 0.3100727793434763,
        "ci": 0.032445909489838144
      },
      "unk_reject_prec": {
        "mean": 0.4379586060858301,
        "ci": 0.06227702323578478
      },
      "false_reject_lowSNRknown": {
        "mean": 0.30847837343468026,
        "ci": 0.0491548972054714
      },
      "switch_rate": {
        "mean": 0.2169811320754717,
        "ci": 0.019280807431849973
      }
    },
    "bandit": {
      "overallJ": {
        "mean": 0.3448984375,
        "ci": 0.03566416122932666
      },
      "regret": {
        "mean": 0.3860039062499999,
        "ci": 0.033112003624196314
      },
      "unk_reject_recall": {
        "mean": 0.04869239079576955,
        "ci": 0.026688969217985282
      },
      "unk_reject_prec": {
        "mean": 0.22633928571428574,
        "ci": 0.07524055173242683
      },
      "false_reject_lowSNRknown": {
        "mean": 0.04111504751526085,
        "ci": 0.015594520841818872
      },
      "switch_rate": {
        "mean": 0.23702830188679247,
        "ci": 0.023497074401696627
      }
    },
    "llm_online_mem": {
      "overallJ": {
        "mean": 0.472421875,
        "ci": 0.01284097156687336
      },
      "regret": {
        "mean": 0.25848046874999997,
        "ci": 0.010995154535821746
      },
      "unk_reject_recall": {
        "mean": 0.6225718355913927,
        "ci": 0.0670883902301033
      },
      "unk_reject_prec": {
        "mean": 0.44194633444451603,
        "ci": 0.028113375887365125
      },
      "false_reject_lowSNRknown": {
        "mean": 0.5196122696073888,
        "ci": 0.047808137657177556
      },
      "switch_rate": {
        "mean": 0.2889150943396226,
        "ci": 0.01813634773849362
      }
    }
  },
  "transfer_gap": {
    "fixed_rule": -0.08712499999999995,
    "gbdt": 0.22137109374999997,
    "cart": 0.08307421875000004
  }
}