{
  "dataset": "rml2018",
  "model": "Mistral-7B-Instruct-v0.3",
  "n_seeds": 3,
  "train_seed": 42,
  "unseen_train": "OOK,OQPSK",
  "unseen_test": "FM,GMSK",
  "train_schedules": [
    "abrupt",
    "ramp"
  ],
  "test_schedules": [
    "recurrent",
    "gradcrash"
  ],
  "trainJ_tuned": {
    "fixed_rule": 0.010421875000000034,
    "gbdt": 0.49646875,
    "cart": 0.209171875
  },
  "metrics": {
    "oracle": {
      "overallJ": {
        "mean": 0.49913541666666666,
        "ci": 0.03231557842632217
      },
      "regret": {
        "mean": 0.0,
        "ci": 0.0
      },
      "unk_reject_recall": {
        "mean": 1.0,
        "ci": 0.0
      },
      "unk_reject_prec": {
        "mean": 1.0,
        "ci": 0.0
      },
      "false_reject_lowSNRknown": {
        "mean": 0.0,
        "ci": 0.0
      },
      "switch_rate": {
        "mean": 0.5094339622641509,
        "ci": 0.05169035938323245
      }
    },
    "oracle_tuned_test": {
      "overallJ": {
        "mean": 0.06127083333333334,
        "ci": 0.026332806913910208
      },
      "regret": {
        "mean": 0.4378645833333333,
        "ci": 0.03161339372281325
      },
      "unk_reject_recall": {
        "mean": 0.4660510785510785,
        "ci": 0.12241042008392179
      },
      "unk_reject_prec": {
        "mean": 0.334091115974348,
        "ci": 0.09106219987994425
      },
      "false_reject_lowSNRknown": {
        "mean": 0.2362281237281237,
        "ci": 0.05795115522010089
      },
      "switch_rate": {
        "mean": 0.5670859538784067,
        "ci": 0.032289117342959486
      }
    },
    "fixed_rule": {
      "overallJ": {
        "mean": -0.0010520833333333018,
        "ci": 0.029567478415669993
      },
      "regret": {
        "mean": 0.5001875,
        "ci": 0.03393279482423062
      },
      "unk_reject_recall": {
        "mean": 0.6922585130918465,
        "ci": 0.06483287104521056
      },
      "unk_reject_prec": {
        "mean": 0.2562312014176781,
        "ci": 0.039797310153915404
      },
      "false_reject_lowSNRknown": {
        "mean": 0.678083028083028,
        "ci": 0.10323077925582431
      },
      "switch_rate": {
        "mean": 0.5471698113207547,
        "ci": 0.009414935390056021
      }
    },
    "online_rule": {
      "overallJ": {
        "mean": -0.018864583333333337,
        "ci": 0.02316762751679472
      },
      "regret": {
        "mean": 0.518,
        "ci": 0.011765900212584734
      },
      "unk_reject_recall": {
        "mean": 0.4813784595034594,
        "ci": 0.035598851054886436
      },
      "unk_reject_prec": {
        "mean": 0.2644193543249535,
        "ci": 0.02337184263088902
      },
      "false_reject_lowSNRknown": {
        "mean": 0.30996472663139335,
        "ci": 0.022901723731090732
      },
      "switch_rate": {
        "mean": 0.5607966457023061,
        "ci": 0.03703815775633867
      }
    },
    "gbdt": {
      "overallJ": {
        "mean": 0.13857291666666668,
        "ci": 0.026003067751041952
      },
      "regret": {
        "mean": 0.36056249999999995,
        "ci": 0.01534321669134279
      },
      "unk_reject_recall": {
        "mean": 0.3133975206891874,
        "ci": 0.009757660506857122
      },
      "unk_reject_prec": {
        "mean": 0.4632490245261984,
        "ci": 0.009975983617690077
      },
      "false_reject_lowSNRknown": {
        "mean": 0.25439390856057525,
        "ci": 0.02382252815706899
      },
      "switch_rate": {
        "mean": 0.38784067085953877,
        "ci": 0.042454295080453675
      }
    },
    "cart": {
      "overallJ": {
        "mean": 0.12270833333333338,
        "ci": 0.07296776993393692
      },
      "regret": {
        "mean": 0.37642708333333336,
        "ci": 0.042334582349110424
      },
      "unk_reject_recall": {
        "mean": 0.4442278015194681,
        "ci": 0.1386320941462737
      },
      "unk_reject_prec": {
        "mean": 0.4593601175380228,
        "ci": 0.0789532239335365
      },
      "false_reject_lowSNRknown": {
        "mean": 0.393633835300502,
        "ci": 0.02177341049220138
      },
      "switch_rate": {
        "mean": 0.37631027253668764,
        "ci": 0.01959875088865003
      }
    },
    "bandit": {
      "overallJ": {
        "mean": -0.007270833333333317,
        "ci": 0.06672559307347475
      },
      "regret": {
        "mean": 0.50640625,
        "ci": 0.039814337457598194
      },
      "unk_reject_recall": {
        "mean": 0.07186652082485416,
        "ci": 0.07766024349814137
      },
      "unk_reject_prec": {
        "mean": 0.1822646895015316,
        "ci": 0.04853312043314881
      },
      "false_reject_lowSNRknown": {
        "mean": 0.09304877221543889,
        "ci": 0.07986845153116227
      },
      "switch_rate": {
        "mean": 0.3553459119496855,
        "ci": 0.0785294949959919
      }
    },
    "llm_online_mem": {
      "overallJ": {
        "mean": 0.03375000000000004,
        "ci": 0.03441052764810261
      },
      "regret": {
        "mean": 0.46538541666666666,
        "ci": 0.010648480778117832
      },
      "unk_reject_recall": {
        "mean": 0.1009263498846832,
        "ci": 0.031977270329976125
      },
      "unk_reject_prec": {
        "mean": 0.28030303030303033,
        "ci": 0.036560153961212816
      },
      "false_reject_lowSNRknown": {
        "mean": 0.08870913037579703,
        "ci": 0.04715580986485196
      },
      "switch_rate": {
        "mean": 0.17610062893081765,
        "ci": 0.028244806170168082
      }
    }
  },
  "transfer_gap": {
    "fixed_rule": 0.011473958333333336,
    "gbdt": 0.3578958333333333,
    "cart": 0.08646354166666663
  }
}